keyword,normalized_keyword,impressions,trend,cluster,intent,public_status,primary_url,notes
机场实力榜,机场实力榜,28260,up,核心,商业比较,public,https://jcslbang.homes/ranks,主推词
梯子实力榜,梯子实力榜,20100,up,核心,商业比较,public,https://jcslbang.homes/ranks,主推词
2026机场推荐,2026机场推荐,18500,up,核心,商业意图,public,https://jcslbang.homes/recommendations,主推词
稳定机场推荐,稳定机场推荐,15200,up,核心,商业意图,public,https://jcslbang.homes/ranks,主推词
小白翻墙梯子,小白翻墙梯子,12400,stable,新手,信息意图,public,https://jcslbang.homes/guides,新手词
魔法上网机场推荐,魔法上网机场推荐,11000,up,核心,商业意图,public,https://jcslbang.homes/ranks,主推词
节点测速排行榜,节点测速排行榜,9800,stable,跑分,测评意图,public,https://jcslbang.homes/ranks,跑分词
便宜好用机场,便宜好用机场,8900,up,性价比,商业意图,public,https://jcslbang.homes/ranks,性价比
IPLC专线机场,IPLC专线机场,7600,up,专线,商业意图,public,https://jcslbang.homes/lines,专线词
Clash教程,Clash教程,14500,up,客户端,教程意图,public,https://jcslbang.homes/clients,客户端